,Longitude,Latitude,Company Name,Location,Detail,Status Rocket, Rocket,Status Mission,Year,Rocket
0,-80.6508,28.5721,SpaceX,Kennedy Space Center,Falcon Heavy | STP-2,StatusActive,90,Success,2019,90
1,-80.6508,28.5721,SpaceX,Kennedy Space Center,Falcon Heavy | ArabSat 6A,StatusActive,90,Success,2019,90
2,-80.6508,28.5721,SpaceX,Kennedy Space Center,Falcon 9 Block 5 | SpaceX Demo-1,StatusActive,50,Success,2019,50
3,-80.6508,28.5721,SpaceX,Kennedy Space Center,Falcon 9 Block 5 | Es'hail 2,StatusActive,50,Success,2018,50
4,-80.6508,28.5721,SpaceX,Kennedy Space Center,Falcon 9 Block 5 | Bangabandhu-1,StatusActive,50,Success,2018,50
5,-80.6508,28.5721,SpaceX,Kennedy Space Center,Falcon Heavy | Test Flight,StatusActive,90,Success,2018,90
6,-80.6508,28.5721,SpaceX,Kennedy Space Center,Falcon 9 Block 4 | Koreasat 5A,StatusRetired,62,Success,2017,62
7,-80.6508,28.5721,SpaceX,Kennedy Space Center,Falcon 9 Block 3 | SES-11 / EchoStar 105,StatusRetired,62,Success,2017,62
8,-80.6508,28.5721,SpaceX,Kennedy Space Center,Falcon 9 Block 4 | OTV-5,StatusRetired,62,Success,2017,62
9,-80.6508,28.5721,SpaceX,Kennedy Space Center,Falcon 9 Block 4 | CRS-12,StatusRetired,62,Success,2017,62
10,-80.6508,28.5721,SpaceX,Kennedy Space Center,Falcon 9 Block 3 | Intelsat 35e,StatusRetired,62,Success,2017,62
11,-80.6508,28.5721,SpaceX,Kennedy Space Center,Falcon 9 Block 3 | BulgariaSat-1,StatusRetired,62,Success,2017,62
12,-80.6508,28.5721,SpaceX,Kennedy Space Center,Falcon 9 Block 3 | CRS-11,StatusRetired,62,Success,2017,62
13,-80.6508,28.5721,SpaceX,Kennedy Space Center,Falcon 9 Block 3 | Inmarsat-5 F4,StatusRetired,62,Success,2017,62
14,-80.6508,28.5721,SpaceX,Kennedy Space Center,Falcon 9 Block 3 | NROL-76,StatusRetired,62,Success,2017,62
15,-80.6508,28.5721,SpaceX,Kennedy Space Center,Falcon 9 Block 3 | SES-10,StatusRetired,62,Success,2017,62
16,-80.6508,28.5721,SpaceX,Kennedy Space Center,Falcon 9 Block 3 | Echostar 23,StatusRetired,62,Success,2017,62
17,-80.6508,28.5721,SpaceX,Kennedy Space Center,Falcon 9 Block 3 | CRS-10,StatusRetired,62,Success,2017,62
18,-80.6508,28.5721,NASA,Kennedy Space Center,Space Shuttle Atlantis | STS-135,StatusRetired,450,Success,2011,450
19,-80.6508,28.5721,NASA,Kennedy Space Center,Space Shuttle Endeavour | STS-134,StatusRetired,450,Success,2011,450
20,-80.6508,28.5721,NASA,Kennedy Space Center,Space Shuttle Discovery | STS-133,StatusRetired,450,Success,2011,450
21,-80.6508,28.5721,NASA,Kennedy Space Center,Space Shuttle Atlantis | STS-132,StatusRetired,450,Success,2010,450
22,-80.6508,28.5721,NASA,Kennedy Space Center,Space Shuttle Discovery | STS-131,StatusRetired,450,Success,2010,450
23,-80.6508,28.5721,NASA,Kennedy Space Center,Space Shuttle Endeavour | STS-130,StatusRetired,450,Success,2010,450
24,-80.6508,28.5721,NASA,Kennedy Space Center,Space Shuttle Atlantis | STS-129,StatusRetired,450,Success,2009,450
25,-80.6508,28.5721,NASA,Kennedy Space Center,Ares 1-X | Ares 1-X Test Flight,StatusRetired,450,Success,2009,450
26,-80.6508,28.5721,NASA,Kennedy Space Center,Space Shuttle Discovery | STS-128,StatusRetired,450,Success,2009,450
27,-80.6508,28.5721,NASA,Kennedy Space Center,Space Shuttle Endeavour | STS-127,StatusRetired,450,Success,2009,450
28,-80.6508,28.5721,NASA,Kennedy Space Center,Space Shuttle Atlantis | STS-125,StatusRetired,450,Success,2009,450
29,-80.6508,28.5721,NASA,Kennedy Space Center,Space Shuttle Discovery | STS-119,StatusRetired,450,Success,2009,450
30,-80.6508,28.5721,NASA,Kennedy Space Center,Space Shuttle Endeavour | STS-126,StatusRetired,450,Success,2008,450
31,-80.6508,28.5721,NASA,Kennedy Space Center,Space Shuttle Discovery | STS-124,StatusRetired,450,Success,2008,450
32,-80.6508,28.5721,NASA,Kennedy Space Center,Space Shuttle Endeavour | STS-123,StatusRetired,450,Success,2008,450
33,-80.6508,28.5721,NASA,Kennedy Space Center,Space Shuttle Atlantis | STS-122,StatusRetired,450,Success,2008,450
34,-80.6508,28.5721,NASA,Kennedy Space Center,Space Shuttle Discovery | STS-120,StatusRetired,450,Success,2007,450
35,-80.6508,28.5721,NASA,Kennedy Space Center,Space Shuttle Endeavour | STS-118,StatusRetired,450,Success,2007,450
36,-80.6508,28.5721,NASA,Kennedy Space Center,Space Shuttle Atlantis | STS-117,StatusRetired,450,Success,2007,450
37,-80.6508,28.5721,NASA,Kennedy Space Center,Space Shuttle Discovery | STS-116,StatusRetired,450,Success,2006,450
38,-80.6508,28.5721,NASA,Kennedy Space Center,Space Shuttle Atlantis | STS-115,StatusRetired,450,Success,2006,450
39,-80.6508,28.5721,NASA,Kennedy Space Center,Space Shuttle Discovery | STS-121,StatusRetired,450,Success,2006,450
40,-80.6508,28.5721,NASA,Kennedy Space Center,Space Shuttle Discovery | STS-114,StatusRetired,450,Success,2005,450
41,-80.6508,28.5721,NASA,Kennedy Space Center,Space Shuttle Columbia | STS-107,StatusRetired,450,Failure,2003,450
42,-80.6508,28.5721,NASA,Kennedy Space Center,Space Shuttle Endeavour | STS-113,StatusRetired,450,Success,2002,450
43,-80.6508,28.5721,NASA,Kennedy Space Center,Space Shuttle Atlantis | STS-112,StatusRetired,450,Success,2002,450
44,-80.6508,28.5721,NASA,Kennedy Space Center,Space Shuttle Endeavour | STS-111,StatusRetired,450,Success,2002,450
45,-80.6508,28.5721,NASA,Kennedy Space Center,Space Shuttle Atlantis | STS-110,StatusRetired,450,Success,2002,450
46,-80.6508,28.5721,NASA,Kennedy Space Center,Space Shuttle Columbia | STS-109,StatusRetired,450,Success,2002,450
47,-80.6508,28.5721,NASA,Kennedy Space Center,Space Shuttle Endeavour | STS-108,StatusRetired,450,Success,2001,450
48,-80.6508,28.5721,NASA,Kennedy Space Center,Space Shuttle Discovery | STS-105,StatusRetired,450,Success,2001,450
49,-80.6508,28.5721,NASA,Kennedy Space Center,Space Shuttle Atlantis | STS-104,StatusRetired,450,Success,2001,450
50,-80.6508,28.5721,NASA,Kennedy Space Center,Space Shuttle Endeavour | STS-100,StatusRetired,450,Success,2001,450
51,-80.6508,28.5721,NASA,Kennedy Space Center,Space Shuttle Discovery | STS-102,StatusRetired,450,Success,2001,450
52,-80.6508,28.5721,NASA,Kennedy Space Center,Space Shuttle Atlantis | STS-98,StatusRetired,450,Success,2001,450
53,-80.6508,28.5721,NASA,Kennedy Space Center,Space Shuttle Endeavour | STS-97,StatusRetired,450,Success,2000,450
54,-80.6508,28.5721,NASA,Kennedy Space Center,Space Shuttle Discovery | STS-92,StatusRetired,450,Success,2000,450
55,-80.6508,28.5721,NASA,Kennedy Space Center,Space Shuttle Atlantis | STS-106,StatusRetired,450,Success,2000,450
56,-80.6508,28.5721,NASA,Kennedy Space Center,Space Shuttle Atlantis | STS-101,StatusRetired,450,Success,2000,450
57,-80.6508,28.5721,NASA,Kennedy Space Center,Space Shuttle Endeavour | STS-99,StatusRetired,450,Success,2000,450
58,-80.6508,28.5721,NASA,Kennedy Space Center,Space Shuttle Discovery | STS-103,StatusRetired,450,Success,1999,450
59,-80.6508,28.5721,NASA,Kennedy Space Center,Space Shuttle Columbia | STS-93,StatusRetired,450,Success,1999,450
60,-80.6508,28.5721,NASA,Kennedy Space Center,Space Shuttle Discovery | STS-96,StatusRetired,450,Success,1999,450
61,-80.6508,28.5721,NASA,Kennedy Space Center,Space Shuttle Endeavour | STS-88,StatusRetired,450,Success,1998,450
62,-80.6508,28.5721,NASA,Kennedy Space Center,Space Shuttle Discovery | STS-95,StatusRetired,450,Success,1998,450
63,-80.6508,28.5721,NASA,Kennedy Space Center,Space Shuttle Discovery | STS-91,StatusRetired,450,Success,1998,450
64,-80.6508,28.5721,NASA,Kennedy Space Center,Space Shuttle Columbia | STS-90,StatusRetired,450,Success,1998,450
65,-80.6508,28.5721,NASA,Kennedy Space Center,Space Shuttle Endeavour | STS-89,StatusRetired,450,Success,1998,450
66,-80.6508,28.5721,NASA,Kennedy Space Center,Space Shuttle Columbia | STS-87,StatusRetired,450,Success,1997,450
67,-80.6508,28.5721,NASA,Kennedy Space Center,Space Shuttle Atlantis | STS-86,StatusRetired,450,Success,1997,450
68,-80.6508,28.5721,NASA,Kennedy Space Center,Space Shuttle Discovery | STS-85,StatusRetired,450,Success,1997,450
69,-80.6508,28.5721,NASA,Kennedy Space Center,Space Shuttle Columbia | STS-94,StatusRetired,450,Success,1997,450
70,-80.6508,28.5721,NASA,Kennedy Space Center,Space Shuttle Atlantis | STS-84,StatusRetired,450,Success,1997,450
71,-80.6508,28.5721,NASA,Kennedy Space Center,Space Shuttle Columbia | STS-83,StatusRetired,450,Success,1997,450
72,-80.6508,28.5721,NASA,Kennedy Space Center,Space Shuttle Discovery | STS-82,StatusRetired,450,Success,1997,450
73,-80.6508,28.5721,NASA,Kennedy Space Center,Space Shuttle Atlantis | STS-81,StatusRetired,450,Success,1997,450
74,-80.6508,28.5721,NASA,Kennedy Space Center,Space Shuttle Columbia | STS-80,StatusRetired,450,Success,1996,450
75,-80.6508,28.5721,NASA,Kennedy Space Center,Space Shuttle Atlantis | STS-79,StatusRetired,450,Success,1996,450
76,-80.6508,28.5721,NASA,Kennedy Space Center,Space Shuttle Columbia | STS-78,StatusRetired,450,Success,1996,450
77,-80.6508,28.5721,NASA,Kennedy Space Center,Space Shuttle Endeavour | STS-77,StatusRetired,450,Success,1996,450
78,-80.6508,28.5721,NASA,Kennedy Space Center,Space Shuttle Atlantis | STS-76,StatusRetired,450,Success,1996,450
79,-80.6508,28.5721,NASA,Kennedy Space Center,Space Shuttle Columbia | STS-75,StatusRetired,450,Success,1996,450
80,-80.6508,28.5721,NASA,Kennedy Space Center,Space Shuttle Endeavour | STS-72,StatusRetired,450,Success,1996,450
81,-80.6508,28.5721,NASA,Kennedy Space Center,Space Shuttle Atlantis | STS-74,StatusRetired,450,Success,1995,450
82,-80.6508,28.5721,NASA,Kennedy Space Center,Space Shuttle Columbia | STS-73,StatusRetired,450,Success,1995,450
83,-80.6508,28.5721,NASA,Kennedy Space Center,Space Shuttle Endeavour | STS-69,StatusRetired,450,Success,1995,450
84,-80.6508,28.5721,NASA,Kennedy Space Center,Space Shuttle Discovery | STS-70,StatusRetired,450,Success,1995,450
85,-80.6508,28.5721,NASA,Kennedy Space Center,Space Shuttle Atlantis | STS-71,StatusRetired,450,Success,1995,450
86,-80.6508,28.5721,NASA,Kennedy Space Center,Space Shuttle Endeavour | STS-67,StatusRetired,450,Success,1995,450
87,-80.6508,28.5721,NASA,Kennedy Space Center,Space Shuttle Discovery | STS-63,StatusRetired,450,Success,1995,450
88,-80.6508,28.5721,NASA,Kennedy Space Center,Space Shuttle Atlantis | STS-66,StatusRetired,450,Success,1994,450
89,-80.6508,28.5721,NASA,Kennedy Space Center,Space Shuttle Endeavour | STS-68,StatusRetired,450,Success,1994,450
90,-80.6508,28.5721,NASA,Kennedy Space Center,Space Shuttle Discovery | STS-64,StatusRetired,450,Success,1994,450
91,-80.6508,28.5721,NASA,Kennedy Space Center,Space Shuttle Columbia | STS-65,StatusRetired,450,Success,1994,450
92,-80.6508,28.5721,NASA,Kennedy Space Center,Space Shuttle Endeavour | STS-59,StatusRetired,450,Success,1994,450
93,-80.6508,28.5721,NASA,Kennedy Space Center,Space Shuttle Columbia | STS-62,StatusRetired,450,Success,1994,450
94,-80.6508,28.5721,NASA,Kennedy Space Center,Space Shuttle Discovery | STS-60,StatusRetired,450,Success,1994,450
95,-80.6508,28.5721,NASA,Kennedy Space Center,Space Shuttle Endeavour | STS-61,StatusRetired,450,Success,1993,450
96,-80.6508,28.5721,NASA,Kennedy Space Center,Space Shuttle Columbia | STS-58,StatusRetired,450,Success,1993,450
97,-80.6508,28.5721,NASA,Kennedy Space Center,Space Shuttle Discovery | STS-51,StatusRetired,450,Success,1993,450
98,-80.6508,28.5721,NASA,Kennedy Space Center,Space Shuttle Endeavour | STS-57,StatusRetired,450,Success,1993,450
99,-80.6508,28.5721,NASA,Kennedy Space Center,Space Shuttle Columbia | STS-55,StatusRetired,450,Success,1993,450
100,-80.6508,28.5721,NASA,Kennedy Space Center,Space Shuttle Discovery | STS-56,StatusRetired,450,Success,1993,450
101,-80.6508,28.5721,NASA,Kennedy Space Center,Space Shuttle Endeavour | STS-54,StatusRetired,450,Success,1993,450
102,-80.6508,28.5721,NASA,Kennedy Space Center,Space Shuttle Discovery | STS-53,StatusRetired,450,Success,1992,450
103,-80.6508,28.5721,NASA,Kennedy Space Center,Space Shuttle Columbia | STS-52,StatusRetired,450,Success,1992,450
104,-80.6508,28.5721,NASA,Kennedy Space Center,Space Shuttle Endeavour | STS-47,StatusRetired,450,Success,1992,450
105,-80.6508,28.5721,NASA,Kennedy Space Center,Space Shuttle Atlantis | STS-46,StatusRetired,450,Success,1992,450
106,-80.6508,28.5721,NASA,Kennedy Space Center,Space Shuttle Columbia | STS-50,StatusRetired,450,Success,1992,450
107,-80.6508,28.5721,NASA,Kennedy Space Center,Space Shuttle Endeavour | STS-49,StatusRetired,450,Success,1992,450
108,-80.6508,28.5721,NASA,Kennedy Space Center,Space Shuttle Atlantis | STS-45,StatusRetired,450,Success,1992,450
109,-80.6508,28.5721,NASA,Kennedy Space Center,Space Shuttle Discovery | STS-42,StatusRetired,450,Success,1992,450
110,-80.6508,28.5721,NASA,Kennedy Space Center,Space Shuttle Atlantis | STS-44,StatusRetired,450,Success,1991,450
111,-80.6508,28.5721,NASA,Kennedy Space Center,Space Shuttle Discovery | STS-48,StatusRetired,450,Success,1991,450
112,-80.6508,28.5721,NASA,Kennedy Space Center,Space Shuttle Atlantis | STS-43,StatusRetired,450,Success,1991,450
113,-80.6508,28.5721,NASA,Kennedy Space Center,Space Shuttle Columbia | STS-40,StatusRetired,450,Success,1991,450
114,-80.6508,28.5721,NASA,Kennedy Space Center,Space Shuttle Discovery | STS-39,StatusRetired,450,Success,1991,450
115,-80.6508,28.5721,NASA,Kennedy Space Center,Space Shuttle Atlantis | STS-37,StatusRetired,450,Success,1991,450
116,-80.6508,28.5721,NASA,Kennedy Space Center,Space Shuttle Columbia | STS-35,StatusRetired,450,Success,1990,450
117,-80.6508,28.5721,NASA,Kennedy Space Center,Space Shuttle Atlantis | STS-38,StatusRetired,450,Success,1990,450
118,-80.6508,28.5721,NASA,Kennedy Space Center,Space Shuttle Discovery | STS-41,StatusRetired,450,Success,1990,450
119,-80.6508,28.5721,NASA,Kennedy Space Center,Space Shuttle Discovery | STS-31,StatusRetired,450,Success,1990,450
120,-80.6508,28.5721,NASA,Kennedy Space Center,Space Shuttle Atlantis | STS-36,StatusRetired,450,Success,1990,450
121,-80.6508,28.5721,NASA,Kennedy Space Center,Space Shuttle Columbia | STS-32,StatusRetired,450,Success,1990,450
122,-80.6508,28.5721,NASA,Kennedy Space Center,Space Shuttle Discovery | STS-33R,StatusRetired,450,Success,1989,450
123,-80.6508,28.5721,NASA,Kennedy Space Center,Space Shuttle Atlantis | STS-34R,StatusRetired,450,Success,1989,450
124,-80.6508,28.5721,NASA,Kennedy Space Center,Space Shuttle Columbia | STS-28R,StatusRetired,450,Success,1989,450
125,-80.6508,28.5721,NASA,Kennedy Space Center,Space Shuttle Atlantis | STS-30R,StatusRetired,450,Success,1989,450
126,-80.6508,28.5721,NASA,Kennedy Space Center,Space Shuttle Discovery | STS-29R,StatusRetired,450,Success,1989,450
127,-80.6508,28.5721,NASA,Kennedy Space Center,Space Shuttle Atlantis | STS-27R,StatusRetired,450,Success,1988,450
128,-80.6508,28.5721,NASA,Kennedy Space Center,Space Shuttle Discovery | STS-26R,StatusRetired,450,Success,1988,450
129,-80.6508,28.5721,NASA,Kennedy Space Center,Space Shuttle Challenger | STS-51-L,StatusRetired,450,Failure,1986,450
130,-80.6508,28.5721,NASA,Kennedy Space Center,Space Shuttle Columbia | STS-61-C,StatusRetired,450,Success,1986,450
131,-80.6508,28.5721,NASA,Kennedy Space Center,Space Shuttle Atlantis | STS-61-B,StatusRetired,450,Success,1985,450
132,-80.6508,28.5721,NASA,Kennedy Space Center,Space Shuttle Challenger | STS-61-A,StatusRetired,450,Success,1985,450
133,-80.6508,28.5721,NASA,Kennedy Space Center,Space Shuttle Atlantis | STS-51-J,StatusRetired,450,Success,1985,450
134,-80.6508,28.5721,NASA,Kennedy Space Center,Space Shuttle Discovery | STS-51-I,StatusRetired,450,Success,1985,450
135,-80.6508,28.5721,NASA,Kennedy Space Center,Space Shuttle Challenger | STS-51-F,StatusRetired,450,Success,1985,450
136,-80.6508,28.5721,NASA,Kennedy Space Center,Space Shuttle Discovery | STS-51-G,StatusRetired,450,Success,1985,450
137,-80.6508,28.5721,NASA,Kennedy Space Center,Space Shuttle Challenger | STS-51-B,StatusRetired,450,Success,1985,450
138,-80.6508,28.5721,NASA,Kennedy Space Center,Space Shuttle Discovery | STS-51-D,StatusRetired,450,Success,1985,450
139,-80.6508,28.5721,NASA,Kennedy Space Center,Space Shuttle Discovery | STS-51-C,StatusRetired,450,Success,1985,450
140,-80.6508,28.5721,NASA,Kennedy Space Center,Space Shuttle Discovery | STS-51-A,StatusRetired,450,Success,1984,450
141,-80.6508,28.5721,NASA,Kennedy Space Center,Space Shuttle Challenger | STS-41-G,StatusRetired,450,Success,1984,450
142,-80.6508,28.5721,NASA,Kennedy Space Center,Space Shuttle Discovery | STS-41-D,StatusRetired,450,Success,1984,450
143,-80.6508,28.5721,NASA,Kennedy Space Center,Space Shuttle Challenger | STS-41-C,StatusRetired,450,Success,1984,450
144,-80.6508,28.5721,NASA,Kennedy Space Center,Space Shuttle Challenger | STS-41-B,StatusRetired,450,Success,1984,450
145,-80.6508,28.5721,NASA,Kennedy Space Center,Space Shuttle Columbia | STS-9,StatusRetired,450,Success,1983,450
146,-80.6508,28.5721,NASA,Kennedy Space Center,Space Shuttle Challenger | STS-8,StatusRetired,450,Success,1983,450
147,-80.6508,28.5721,NASA,Kennedy Space Center,Space Shuttle Challenger | STS-7,StatusRetired,450,Success,1983,450
148,-80.6508,28.5721,NASA,Kennedy Space Center,Space Shuttle Challenger | STS-6,StatusRetired,450,Success,1983,450
149,-80.6508,28.5721,NASA,Kennedy Space Center,Space Shuttle Columbia | STS-5,StatusRetired,450,Success,1982,450
150,-80.6508,28.5721,NASA,Kennedy Space Center,Space Shuttle Columbia | STS-4,StatusRetired,450,Success,1982,450
151,-80.6508,28.5721,NASA,Kennedy Space Center,Space Shuttle Columbia | STS-3,StatusRetired,450,Success,1982,450
152,-80.6508,28.5721,NASA,Kennedy Space Center,Space Shuttle Columbia | STS-2,StatusRetired,450,Success,1981,450
153,-80.6508,28.5721,NASA,Kennedy Space Center,Space Shuttle Columbia | STS-1,StatusRetired,450,Success,1981,450
158,-80.6508,28.5721,NASA,Kennedy Space Center,Saturn V | Skylab 1,StatusRetired,1160,Success,1973,1160
159,-80.6508,28.5721,NASA,Kennedy Space Center,Saturn V | Apollo 17,StatusRetired,1160,Success,1972,1160
160,-80.6508,28.5721,NASA,Kennedy Space Center,Saturn V | Apollo 16,StatusRetired,1160,Success,1972,1160
161,-80.6508,28.5721,NASA,Kennedy Space Center,Saturn V | Apollo 15,StatusRetired,1160,Success,1971,1160
162,-80.6508,28.5721,NASA,Kennedy Space Center,Saturn V | Apollo 14,StatusRetired,1160,Success,1971,1160
163,-80.6508,28.5721,NASA,Kennedy Space Center,Saturn V | Apollo 13,StatusRetired,1160,Success,1970,1160
164,-80.6508,28.5721,NASA,Kennedy Space Center,Saturn V | Apollo 12,StatusRetired,1160,Success,1969,1160
165,-80.6508,28.5721,NASA,Kennedy Space Center,Saturn V | Apollo 11,StatusRetired,1160,Success,1969,1160
166,-80.6508,28.5721,NASA,Kennedy Space Center,Saturn V | Apollo 10,StatusRetired,1160,Success,1969,1160
167,-80.6508,28.5721,NASA,Kennedy Space Center,Saturn V | Apollo 9,StatusRetired,1160,Success,1969,1160
169,-80.5772,28.5623,SpaceX,Cape Canaveral AFS,Falcon 9 Block 5 | JCSAT-18 / Kacific-1,StatusActive,50,Success,2019,50
170,-80.5772,28.5623,SpaceX,Cape Canaveral AFS,Falcon 9 Block 5 | CRS-19,StatusActive,50,Success,2019,50
171,-80.5772,28.5623,SpaceX,Cape Canaveral AFS,Falcon 9 Block 5 | Starlink V1 L1,StatusActive,50,Success,2019,50
172,-80.5772,28.5623,Northrop,Cape Canaveral AFS,Pegasus XL | ICON,StatusActive,40,Success,2019,40
173,-80.5772,28.5623,ULA,Cape Canaveral AFS,"Delta IV Medium+ (4,2) | GPS III SV02",StatusRetired,164,Success,2019,164
174,-80.5772,28.5623,ULA,Cape Canaveral AFS,Atlas V 551 | AEHF 5,StatusActive,153,Success,2019,153
175,-80.5772,28.5623,SpaceX,Cape Canaveral AFS,Falcon 9 Block 5 | AMOS-17,StatusActive,50,Success,2019,50
176,-80.5772,28.5623,SpaceX,Cape Canaveral AFS,Falcon 9 Block 5 | CRS-18,StatusActive,50,Success,2019,50
177,-80.5772,28.5623,SpaceX,Cape Canaveral AFS,Falcon 9 Block 5 | Starlink V0.9,StatusActive,50,Success,2019,50
178,-80.5772,28.5623,SpaceX,Cape Canaveral AFS,Falcon 9 Block 5 | CRS-17,StatusActive,50,Success,2019,50
180,-80.5772,28.5623,SpaceX,Cape Canaveral AFS,Falcon 9 Block 5 | Nusantara Satu & Beresheet,StatusActive,50,Success,2019,50
181,-80.5772,28.5623,SpaceX,Cape Canaveral AFS,Falcon 9 Block 5 | GPS III SV01,StatusActive,50,Success,2018,50
182,-80.5772,28.5623,SpaceX,Cape Canaveral AFS,Falcon 9 Block 5 | CRS-16,StatusActive,50,Success,2018,50
183,-80.5772,28.5623,ULA,Cape Canaveral AFS,Atlas V 551 | AEHF-4,StatusActive,153,Success,2018,153
184,-80.5772,28.5623,SpaceX,Cape Canaveral AFS,Falcon 9 Block 5 | Telstar 18V / APStar 5C,StatusActive,50,Success,2018,50
185,-80.5772,28.5623,ULA,Cape Canaveral AFS,Delta IV Heavy | Parker Solar Probe,StatusActive,350,Success,2018,350
186,-80.5772,28.5623,SpaceX,Cape Canaveral AFS,Falcon 9 Block 5 | Merah Putih (Telkom-4),StatusActive,50,Success,2018,50
187,-80.5772,28.5623,SpaceX,Cape Canaveral AFS,Falcon 9 Block 5 | Telstar 19V,StatusActive,50,Success,2018,50
188,-80.5772,28.5623,SpaceX,Cape Canaveral AFS,Falcon 9 Block 4 | CRS-15,StatusRetired,62,Success,2018,62
189,-80.5772,28.5623,SpaceX,Cape Canaveral AFS,Falcon 9 Block 4 | SES-12,StatusRetired,62,Success,2018,62
190,-80.5772,28.5623,SpaceX,Cape Canaveral AFS,Falcon 9 Block 4 | Transiting Exoplanet Survey Satellite (TESS),StatusRetired,62,Success,2018,62
191,-80.5772,28.5623,ULA,Cape Canaveral AFS,Atlas V 551 | AFSPC-11,StatusActive,153,Success,2018,153
192,-80.5772,28.5623,SpaceX,Cape Canaveral AFS,Falcon 9 Block 4 | CRS-14,StatusRetired,62,Success,2018,62
193,-80.5772,28.5623,SpaceX,Cape Canaveral AFS,Falcon 9 Block 4 | Hispasat 30W-6,StatusRetired,62,Success,2018,62
194,-80.5772,28.5623,ULA,Cape Canaveral AFS,Atlas V 541 | GOES-S (GOES-17),StatusActive,145,Success,2018,145
195,-80.5772,28.5623,SpaceX,Cape Canaveral AFS,Falcon 9 Block 3 | GovSat-1 / SES-16,StatusRetired,62,Success,2018,62
196,-80.5772,28.5623,ULA,Cape Canaveral AFS,Atlas V 411 | SBIRS GEO-4,StatusActive,115,Success,2018,115
197,-80.5772,28.5623,SpaceX,Cape Canaveral AFS,Falcon 9 Block 4 | Zuma,StatusRetired,62,Success,2018,62
198,-80.5772,28.5623,SpaceX,Cape Canaveral AFS,Falcon 9 Block 3 | CRS-13,StatusRetired,62,Success,2017,62
199,-80.5772,28.5623,ULA,Cape Canaveral AFS,Atlas V 421 | NROL-52,StatusActive,123,Success,2017,123
200,-80.5772,28.5623,Northrop,Cape Canaveral AFS,Minotaur IV | ORS-5,StatusActive,46,Success,2017,46
201,-80.5772,28.5623,ULA,Cape Canaveral AFS,Atlas V 401 | TDRS-M (TDRS-13),StatusActive,109,Success,2017,109
202,-80.5772,28.5623,ULA,Cape Canaveral AFS,Atlas V 401 | CRS OA-7,StatusActive,109,Success,2017,109
204,-80.5772,28.5623,ULA,Cape Canaveral AFS,Atlas V 401 | SBIRS GEO-3,StatusActive,109,Success,2017,109
205,-80.5772,28.5623,ULA,Cape Canaveral AFS,Atlas V 431 | EchoStar 19,StatusActive,130,Success,2016,130
206,-80.5772,28.5623,Northrop,Cape Canaveral AFS,Pegasus XL | CYGNSS,StatusActive,40,Success,2016,40
208,-80.5772,28.5623,ULA,Cape Canaveral AFS,Atlas V 541 | GOES-R (GOES-16),StatusActive,145,Success,2016,145
209,-80.5772,28.5623,ULA,Cape Canaveral AFS,Atlas V 411 | OSIRIS-REx,StatusActive,115,Success,2016,115
210,-80.5772,28.5623,SpaceX,Cape Canaveral AFS,Falcon 9 Block 3 | AMOS-6,StatusRetired,62,Prelaunch Failure,2016,62
211,-80.5772,28.5623,ULA,Cape Canaveral AFS,"Delta IV Medium+ (4,2) | AFSPC-6",StatusRetired,164,Success,2016,164
212,-80.5772,28.5623,SpaceX,Cape Canaveral AFS,Falcon 9 Block 3 | JCSAT-16,StatusRetired,62,Success,2016,62
213,-80.5772,28.5623,ULA,Cape Canaveral AFS,Atlas V 421 | NROL-61,StatusActive,123,Success,2016,123
214,-80.5772,28.5623,SpaceX,Cape Canaveral AFS,Falcon 9 Block 3 | CRS-9,StatusRetired,62,Success,2016,62
215,-80.5772,28.5623,ULA,Cape Canaveral AFS,Atlas V 551 | MUOS-5,StatusActive,153,Success,2016,153
216,-80.5772,28.5623,SpaceX,Cape Canaveral AFS,Falcon 9 Block 3 | ABS-2A & Eutelsat 117 West B,StatusRetired,62,Success,2016,62
217,-80.5772,28.5623,ULA,Cape Canaveral AFS,Delta IV Heavy | NROL-37,StatusActive,350,Success,2016,350
218,-80.5772,28.5623,SpaceX,Cape Canaveral AFS,Falcon 9 Block 3 | Thaicom 8,StatusRetired,62,Success,2016,62
219,-80.5772,28.5623,SpaceX,Cape Canaveral AFS,Falcon 9 Block 3 | JCSAT-14,StatusRetired,62,Success,2016,62
220,-80.5772,28.5623,SpaceX,Cape Canaveral AFS,Falcon 9 Block 3 | CRS-8,StatusRetired,62,Success,2016,62
221,-80.5772,28.5623,ULA,Cape Canaveral AFS,Atlas V 401 | CRS OA-6,StatusActive,109,Success,2016,109
222,-80.5772,28.5623,SpaceX,Cape Canaveral AFS,Falcon 9 Block 3 | SES-9,StatusRetired,62,Success,2016,62
223,-80.5772,28.5623,ULA,Cape Canaveral AFS,Atlas V 401 | GPS IIF-12,StatusActive,109,Success,2016,109
224,-80.5772,28.5623,SpaceX,Cape Canaveral AFS,Falcon 9 Block 3 | OG2 Mission 2,StatusRetired,62,Success,2015,62
225,-80.5772,28.5623,ULA,Cape Canaveral AFS,Atlas V 401 | CRS OA-4,StatusActive,109,Success,2015,109
226,-80.5772,28.5623,ULA,Cape Canaveral AFS,Atlas V 401 | GPS IIF-11,StatusActive,109,Success,2015,109
227,-80.5772,28.5623,ULA,Cape Canaveral AFS,Atlas V 421 | Morelos-3,StatusActive,123,Success,2015,123
228,-80.5772,28.5623,ULA,Cape Canaveral AFS,Atlas V 551 | MUOS-4,StatusActive,153,Success,2015,153
230,-80.5772,28.5623,ULA,Cape Canaveral AFS,Atlas V 401 | GPS IIF-10,StatusActive,109,Success,2015,109
231,-80.5772,28.5623,SpaceX,Cape Canaveral AFS,Falcon 9 v1.1 | CRS-7,StatusRetired,56,Failure,2015,56
232,-80.5772,28.5623,ULA,Cape Canaveral AFS,Atlas V 501 | OTV-4,StatusActive,120,Success,2015,120
233,-80.5772,28.5623,SpaceX,Cape Canaveral AFS,Falcon 9 v1.1 | Turkmen??lem52E/MonacoSat,StatusRetired,56,Success,2015,56
234,-80.5772,28.5623,SpaceX,Cape Canaveral AFS,Falcon 9 v1.1 | CRS-6,StatusRetired,56,Success,2015,56
235,-80.5772,28.5623,ULA,Cape Canaveral AFS,"Delta IV Medium+ (4,2) | GPS IIF-9",StatusRetired,164,Success,2015,164
236,-80.5772,28.5623,ULA,Cape Canaveral AFS,Atlas V 421 | MMS,StatusActive,123,Success,2015,123
237,-80.5772,28.5623,SpaceX,Cape Canaveral AFS,Falcon 9 v1.1 | ABS-3A & EUTELSAT 115 West B,StatusRetired,56,Success,2015,56
238,-80.5772,28.5623,SpaceX,Cape Canaveral AFS,Falcon 9 v1.1 | DSCOVR,StatusRetired,56,Success,2015,56
239,-80.5772,28.5623,ULA,Cape Canaveral AFS,Atlas V 551 | MUOS-3,StatusActive,153,Success,2015,153
240,-80.5772,28.5623,SpaceX,Cape Canaveral AFS,Falcon 9 v1.1 | CRS-5,StatusRetired,56,Success,2015,56
241,-80.5772,28.5623,ULA,Cape Canaveral AFS,Delta IV Heavy | EFT-1,StatusActive,350,Success,2014,350
242,-80.5772,28.5623,ULA,Cape Canaveral AFS,Atlas V 401 | GPS IIF-8,StatusActive,109,Success,2014,109
243,-80.5772,28.5623,SpaceX,Cape Canaveral AFS,Falcon 9 v1.1 | CRS-4,StatusRetired,56,Success,2014,56
244,-80.5772,28.5623,ULA,Cape Canaveral AFS,Atlas V 401 | CLIO,StatusActive,109,Success,2014,109
245,-80.5772,28.5623,SpaceX,Cape Canaveral AFS,Falcon 9 v1.1 | AsiaSat 6,StatusRetired,56,Success,2014,56
246,-80.5772,28.5623,SpaceX,Cape Canaveral AFS,Falcon 9 v1.1 | AsiaSat 8,StatusRetired,56,Success,2014,56
247,-80.5772,28.5623,ULA,Cape Canaveral AFS,Atlas V 401 | GPS IIF-7,StatusActive,109,Success,2014,109
248,-80.5772,28.5623,ULA,Cape Canaveral AFS,"Delta IV Medium+ (4,2) | AFSPC-4",StatusRetired,164,Success,2014,164
249,-80.5772,28.5623,SpaceX,Cape Canaveral AFS,Falcon 9 v1.1 | OG2 Mission 1,StatusRetired,56,Success,2014,56
250,-80.5772,28.5623,ULA,Cape Canaveral AFS,Atlas V 401 | NROL-33,StatusActive,109,Success,2014,109
251,-80.5772,28.5623,ULA,Cape Canaveral AFS,"Delta IV Medium+ (4,2) | GPS IIF-6",StatusRetired,164,Success,2014,164
252,-80.5772,28.5623,SpaceX,Cape Canaveral AFS,Falcon 9 v1.1 | CRS-3,StatusRetired,56,Success,2014,56
253,-80.5772,28.5623,ULA,Cape Canaveral AFS,Atlas V 541 | NROL-67,StatusActive,145,Success,2014,145
254,-80.5772,28.5623,ULA,Cape Canaveral AFS,"Delta IV Medium+ (4,2) | GPS IIF-5",StatusRetired,164,Success,2014,164
255,-80.5772,28.5623,ULA,Cape Canaveral AFS,Atlas V 401 | TDRS-L,StatusActive,109,Success,2014,109
256,-80.5772,28.5623,SpaceX,Cape Canaveral AFS,Falcon 9 v1.1 | Thaicom 6,StatusRetired,56,Success,2014,56
257,-80.5772,28.5623,SpaceX,Cape Canaveral AFS,Falcon 9 v1.1 | SES-8,StatusRetired,56,Success,2013,56
258,-80.5772,28.5623,ULA,Cape Canaveral AFS,Atlas V 401 | MAVEN,StatusActive,109,Success,2013,109
259,-80.5772,28.5623,ULA,Cape Canaveral AFS,Atlas V 531 | AEHF-3,StatusActive,140,Success,2013,140
261,-80.5772,28.5623,ULA,Cape Canaveral AFS,Atlas V 551 | MUOS-2,StatusActive,153,Success,2013,153
263,-80.5772,28.5623,ULA,Cape Canaveral AFS,Atlas V 401 | GPS IIF-4,StatusActive,109,Success,2013,109
264,-80.5772,28.5623,ULA,Cape Canaveral AFS,Atlas V 401 | SBIRS GEO-2,StatusActive,109,Success,2013,109
265,-80.5772,28.5623,SpaceX,Cape Canaveral AFS,Falcon 9 v1.0 | CRS-2,StatusRetired,59,Success,2013,59
266,-80.5772,28.5623,ULA,Cape Canaveral AFS,Atlas V 401 | TDRS-K,StatusActive,109,Success,2013,109
267,-80.5772,28.5623,ULA,Cape Canaveral AFS,Atlas V 501 | OTV-3,StatusActive,120,Success,2012,120
268,-80.5772,28.5623,SpaceX,Cape Canaveral AFS,Falcon 9 v1.0 | CRS-1,StatusRetired,59,Partial Failure,2012,59
269,-80.5772,28.5623,ULA,Cape Canaveral AFS,"Delta IV Medium+ (4,2) | GPS IIF-3",StatusRetired,164,Success,2012,164
270,-80.5772,28.5623,ULA,Cape Canaveral AFS,Atlas V 401 | Van Allen Probes (RBSP),StatusActive,109,Success,2012,109
271,-80.5772,28.5623,ULA,Cape Canaveral AFS,Delta IV Heavy | NROL-15,StatusActive,350,Success,2012,350
272,-80.5772,28.5623,ULA,Cape Canaveral AFS,Atlas V 401 | NROL-38,StatusActive,109,Success,2012,109
273,-80.5772,28.5623,SpaceX,Cape Canaveral AFS,Falcon 9 v1.0 | COTS-2+,StatusRetired,59,Success,2012,59
274,-80.5772,28.5623,ULA,Cape Canaveral AFS,Atlas V 531 | AEHF-2,StatusActive,140,Success,2012,140
275,-80.5772,28.5623,ULA,Cape Canaveral AFS,Atlas V 551 | MUOS-1,StatusActive,153,Success,2012,153
277,-80.5772,28.5623,ULA,Cape Canaveral AFS,Atlas V 541 | Mars Science Laboratory,StatusActive,145,Success,2011,145
279,-80.5772,28.5623,ULA,Cape Canaveral AFS,Atlas V 551 | Juno,StatusActive,153,Success,2011,153
280,-80.5772,28.5623,ULA,Cape Canaveral AFS,"Delta IV Medium+ (4,2) | GPS IIF-2",StatusRetired,164,Success,2011,164
281,-80.5772,28.5623,ULA,Cape Canaveral AFS,Atlas V 401 | SBIRS GEO-1,StatusActive,109,Success,2011,109
282,-80.5772,28.5623,ULA,Cape Canaveral AFS,"Delta IV Medium+ (4,2) | NROL-27",StatusRetired,164,Success,2011,164
283,-80.5772,28.5623,ULA,Cape Canaveral AFS,Atlas V 501 | OTV-2,StatusActive,120,Success,2011,120
284,-80.5772,28.5623,SpaceX,Cape Canaveral AFS,Falcon 9 v1.0 | COTS-1,StatusRetired,59,Success,2010,59
285,-80.5772,28.5623,ULA,Cape Canaveral AFS,Delta IV Heavy | NROL-32,StatusActive,350,Success,2010,350
286,-80.5772,28.5623,ULA,Cape Canaveral AFS,Atlas V 531 | AEHF-1,StatusActive,140,Success,2010,140
287,-80.5772,28.5623,SpaceX,Cape Canaveral AFS,Falcon 9 v1.0 | Flight 1,StatusRetired,59,Success,2010,59
288,-80.5772,28.5623,ULA,Cape Canaveral AFS,"Delta IV Medium+ (4,2) | GPS IIF-1",StatusRetired,164,Success,2010,164
289,-80.5772,28.5623,ULA,Cape Canaveral AFS,Atlas V 501 | OTV-1,StatusActive,120,Success,2010,120
290,-80.5772,28.5623,ULA,Cape Canaveral AFS,"Delta IV Medium+ (4,2) | GOES 15",StatusRetired,164,Success,2010,164
291,-80.5772,28.5623,ULA,Cape Canaveral AFS,Atlas V 401 | SDO,StatusActive,109,Success,2010,109
293,-80.5772,28.5623,ULA,Cape Canaveral AFS,Atlas V 431 | Intersat 14,StatusActive,130,Success,2009,130
295,-80.5772,28.5623,ULA,Cape Canaveral AFS,Atlas V 401 | PAN,StatusActive,109,Success,2009,109
297,-80.5772,28.5623,ULA,Cape Canaveral AFS,"Delta IV Medium+ (4,2) | GOES-O",StatusRetired,164,Success,2009,164
298,-80.5772,28.5623,ULA,Cape Canaveral AFS,Atlas V 421 | LRO/LCROSS,StatusActive,123,Success,2009,123
299,-80.5772,28.5623,ULA,Cape Canaveral AFS,Atlas V 421 | WGS-2,StatusActive,123,Success,2009,123
302,-80.5772,28.5623,ULA,Cape Canaveral AFS,Delta IV Heavy | NROL-26,StatusActive,350,Success,2009,350
304,-80.5772,28.5623,ULA,Cape Canaveral AFS,Atlas V 421 | ICO G1,StatusActive,123,Success,2008,123
307,-80.5772,28.5623,ULA,Cape Canaveral AFS,Atlas V 401 | NROL-24,StatusActive,109,Success,2007,109
308,-80.5772,28.5623,ULA,Cape Canaveral AFS,Delta IV Heavy | DSP-23,StatusActive,350,Success,2007,350
310,-80.5772,28.5623,ULA,Cape Canaveral AFS,Atlas V 421 | WSG-1,StatusActive,123,Success,2007,123
313,-80.5772,28.5623,ULA,Cape Canaveral AFS,Atlas V 401 | NROL-30 & NOSS-3,StatusActive,109,Partial Failure,2007,109
314,-80.5772,28.5623,ULA,Cape Canaveral AFS,"Atlas V 401 | STP-1, FalconSat-3",StatusActive,109,Success,2007,109
320,-80.5772,28.5623,Boeing,Cape Canaveral AFS,"Delta IV Medium+ (4,2) | GOES-N (GOES-13)",StatusRetired,164,Success,2006,164
321,-80.5772,28.5623,ILS,Cape Canaveral AFS,Atlas V 411 | Astra 1KR,StatusActive,115,Success,2006,115
322,-80.5772,28.5623,ILS,Cape Canaveral AFS,Atlas V 551 | New Horizons,StatusActive,153,Success,2006,153
324,-80.5772,28.5623,ILS,Cape Canaveral AFS,Atlas V 401 | Mars Reconnaissance Orbiter,StatusActive,109,Success,2005,109
326,-80.5772,28.5623,ILS,Cape Canaveral AFS,Atlas V 431 | Inmarsat-4 F1,StatusActive,130,Success,2005,130
329,-80.5772,28.5623,Boeing,Cape Canaveral AFS,Delta IV Heavy | DemoSat and 3CS-1 & 2,StatusActive,350,Partial Failure,2004,350
330,-80.5772,28.5623,ILS,Cape Canaveral AFS,Atlas V 521 | AMC-16,StatusActive,135,Success,2004,135
345,-80.5772,28.5623,Boeing,Cape Canaveral AFS,Delta IV Medium | DSCS-3 B6,StatusRetired,133,Success,2003,133
347,-80.5772,28.5623,ILS,Cape Canaveral AFS,Atlas V 521 | Rainbow 1,StatusActive,135,Success,2003,135
350,-80.5772,28.5623,ILS,Cape Canaveral AFS,Atlas V 401 | HellasSat-2,StatusActive,109,Success,2003,109
351,-80.5772,28.5623,Northrop,Cape Canaveral AFS,Pegasus XL | GALEX,StatusActive,40,Success,2003,40
355,-80.5772,28.5623,Boeing,Cape Canaveral AFS,Delta IV Medium | DSCS-3 A3,StatusRetired,133,Success,2003,133
357,-80.5772,28.5623,Northrop,Cape Canaveral AFS,Pegasus XL | SORCE,StatusActive,40,Success,2003,40
359,-80.5772,28.5623,Boeing,Cape Canaveral AFS,"Delta IV Medium+ (4,2) | Eutelsat W5",StatusRetired,164,Success,2002,164
361,-80.5772,28.5623,ILS,Cape Canaveral AFS,Atlas V 401 | Hot Bird 6,StatusActive,109,Success,2002,109
365,-80.5772,28.5623,Northrop,Cape Canaveral AFS,Pegasus XL | RHESSI,StatusActive,40,Success,2002,40
409,-80.5772,28.5623,Northrop,Cape Canaveral AFS,Pegasus | SCD-2,StatusRetired,40,Success,1998,40
496,-80.5772,28.5623,Northrop,Cape Canaveral AFS,Pegasus | SCD-1,StatusRetired,40,Success,1993,40
501,-80.5772,28.5623,Martin Marietta,Cape Canaveral AFS,Commercial Titan III | Mars Observer,StatusRetired,136,Success,1992,136
528,-80.5772,28.5623,Martin Marietta,Cape Canaveral AFS,Commercial Titan III | Intelsat 604,StatusRetired,136,Success,1990,136
534,-80.5772,28.5623,Martin Marietta,Cape Canaveral AFS,Commercial Titan III | Intelsat 603,StatusRetired,136,Failure,1990,136
538,-80.5772,28.5623,Martin Marietta,Cape Canaveral AFS,Commercial Titan III | Skynet 4A & JCSAT-2,StatusRetired,136,Success,1990,136
647,-75.4661,37.9402,Northrop,Wallops Flight Facility,Antares 230+ | CRS NG-12,StatusActive,85,Success,2019,85
648,-75.4661,37.9402,Northrop,Wallops Flight Facility,Antares 230 | CRS NG-11,StatusRetired,85,Success,2019,85
649,-75.4661,37.9402,Northrop,Wallops Flight Facility,Antares 230 | CRS NG-10,StatusRetired,85,Success,2018,85
650,-75.4661,37.9402,Northrop,Wallops Flight Facility,Antares 230 | CRS OA-9E,StatusRetired,85,Success,2018,85
651,-75.4661,37.9402,Northrop,Wallops Flight Facility,Antares 230 | CRS OA-8E,StatusRetired,85,Success,2017,85
652,-75.4661,37.9402,Northrop,Wallops Flight Facility,Antares 230 | CRS OA-5,StatusRetired,85,Success,2016,85
653,-75.4661,37.9402,Northrop,Wallops Flight Facility,Antares 130 | CRS Orb-3,StatusRetired,80,Failure,2014,80
654,-75.4661,37.9402,Northrop,Wallops Flight Facility,Antares 120 | CRS Orb-2,StatusRetired,80,Success,2014,80
655,-75.4661,37.9402,Northrop,Wallops Flight Facility,Antares 120 | CRS Orb-1,StatusRetired,80,Success,2014,80
656,-75.4661,37.9402,Northrop,Wallops Flight Facility,Minotaur I | ORS-3,StatusActive,40,Success,2013,40
657,-75.4661,37.9402,Northrop,Wallops Flight Facility,Antares 110 | CRS Orb-D1,StatusRetired,80,Success,2013,80
658,-75.4661,37.9402,Northrop,Wallops Flight Facility,Minotaur V | LADEE,StatusActive,55,Success,2013,55
659,-75.4661,37.9402,Northrop,Wallops Flight Facility,Antares 110 | Antares A-ONE,StatusRetired,80,Success,2013,80
660,-75.4661,37.9402,Northrop,Wallops Flight Facility,Minotaur I | ORS-1,StatusActive,40,Success,2011,40
661,-75.4661,37.9402,Northrop,Wallops Flight Facility,Minotaur I | TacSat-3 / PharmaSat / AeroCube 3 / HawkSat I / CP6,StatusActive,40,Success,2009,40
662,-75.4661,37.9402,Northrop,Wallops Flight Facility,Minotaur I | NFIRE,StatusActive,40,Success,2007,40
663,-75.4661,37.9402,Northrop,Wallops Flight Facility,Minotaur I | TacSat-2 & GeneSat-1,StatusActive,40,Success,2006,40
664,-75.4661,37.9402,Northrop,Wallops Flight Facility,Pegasus XL/HAPS | Orbcomm C1 - C8,StatusActive,40,Success,1998,40
665,-75.4661,37.9402,Northrop,Wallops Flight Facility,Pegasus XL/HAPS | Orbcomm B1 - B8,StatusActive,40,Success,1998,40
666,-75.4661,37.9402,Northrop,Wallops Flight Facility,Pegasus XL | SNOE & BATSAT,StatusActive,40,Success,1998,40
667,-75.4661,37.9402,Northrop,Wallops Flight Facility,Pegasus XL/HAPS | Orbcomm A1-A8,StatusActive,40,Success,1997,40
668,-75.4661,37.9402,Northrop,Wallops Flight Facility,Pegasus XL | STEP-4,StatusActive,40,Success,1997,40
669,-75.4661,37.9402,EER,Wallops Flight Facility,Conestoga-1620 | METEOR,StatusRetired,20,Failure,1995,20
682,-120.6107,34.7378,SpaceX,Vandenberg AFB,Falcon 9 Block 5 | RADARSAT Constellation,StatusActive,50,Success,2019,50
683,-120.6107,34.7378,ULA,Vandenberg AFB,Delta IV Heavy | NROL-71,StatusActive,350,Success,2019,350
684,-120.6107,34.7378,SpaceX,Vandenberg AFB,Falcon 9 Block 5 | Iridium-8,StatusActive,50,Success,2019,50
685,-120.6107,34.7378,SpaceX,Vandenberg AFB,Falcon 9 Block 5 | Spaceflight SSO-A,StatusActive,50,Success,2018,50
686,-120.6107,34.7378,SpaceX,Vandenberg AFB,Falcon 9 Block 5 | SAOCOM 1A,StatusActive,50,Success,2018,50
688,-120.6107,34.7378,SpaceX,Vandenberg AFB,Falcon 9 Block 5 | Iridium-7,StatusActive,50,Success,2018,50
689,-120.6107,34.7378,SpaceX,Vandenberg AFB,Falcon 9 Block 4 | Iridium-6 & GRACE-FO,StatusRetired,62,Success,2018,62
690,-120.6107,34.7378,ULA,Vandenberg AFB,Atlas V 401 | InSight,StatusActive,109,Success,2018,109
691,-120.6107,34.7378,SpaceX,Vandenberg AFB,Falcon 9 Block 4 | Iridium-5,StatusRetired,62,Success,2018,62
692,-120.6107,34.7378,SpaceX,Vandenberg AFB,"Falcon 9 Block 3 | PAZ & Tintin A, Tintin B",StatusRetired,62,Success,2018,62
694,-120.6107,34.7378,SpaceX,Vandenberg AFB,Falcon 9 Block 3 | Iridium-4,StatusRetired,62,Success,2017,62
696,-120.6107,34.7378,Northrop,Vandenberg AFB,Minotaur C (Taurus) | SkySat & Flock-3m,StatusActive,45,Success,2017,45
697,-120.6107,34.7378,SpaceX,Vandenberg AFB,Falcon 9 Block 4 | Iridium-3,StatusRetired,62,Success,2017,62
698,-120.6107,34.7378,ULA,Vandenberg AFB,Atlas V 541 | NROL-42,StatusActive,145,Success,2017,145
699,-120.6107,34.7378,SpaceX,Vandenberg AFB,Falcon 9 Block 3 | Formosat-5,StatusRetired,62,Success,2017,62
700,-120.6107,34.7378,SpaceX,Vandenberg AFB,Falcon 9 Block 3 | Iridium-2,StatusRetired,62,Success,2017,62
701,-120.6107,34.7378,ULA,Vandenberg AFB,Atlas V 401 | NROL-79,StatusActive,109,Success,2017,109
702,-120.6107,34.7378,SpaceX,Vandenberg AFB,Falcon 9 Block 3 | Iridium-1,StatusRetired,62,Success,2017,62
703,-120.6107,34.7378,ULA,Vandenberg AFB,Atlas V 401 | WorldView-4,StatusActive,109,Success,2016,109
705,-120.6107,34.7378,SpaceX,Vandenberg AFB,Falcon 9 v1.1 | Jason-3,StatusRetired,56,Success,2016,56
706,-120.6107,34.7378,ULA,Vandenberg AFB,Atlas V 401 | NROL-55,StatusActive,109,Success,2015,109
708,-120.6107,34.7378,ULA,Vandenberg AFB,Atlas V 541 | NROL-35,StatusActive,145,Success,2014,145
709,-120.6107,34.7378,ULA,Vandenberg AFB,Atlas V 401 | WorldView 3,StatusActive,109,Success,2014,109
711,-120.6107,34.7378,ULA,Vandenberg AFB,Atlas V 401 | DMSP-5D3 F19,StatusActive,109,Success,2014,109
712,-120.6107,34.7378,ULA,Vandenberg AFB,Atlas V 501 | NROL-39,StatusActive,120,Success,2013,120
713,-120.6107,34.7378,SpaceX,Vandenberg AFB,Falcon 9 v1.1 | CASSIOPE,StatusRetired,56,Success,2013,56
714,-120.6107,34.7378,ULA,Vandenberg AFB,Delta IV Heavy | NROL-65,StatusActive,350,Success,2013,350
715,-120.6107,34.7378,Northrop,Vandenberg AFB,Pegasus XL | IRIS,StatusActive,40,Success,2013,40
716,-120.6107,34.7378,ULA,Vandenberg AFB,Atlas V 401 | Landsat 8,StatusActive,109,Success,2013,109
717,-120.6107,34.7378,ULA,Vandenberg AFB,Atlas V 401 | NROL-36,StatusActive,109,Success,2012,109
721,-120.6107,34.7378,ULA,Vandenberg AFB,Atlas V 411 | NROL-34,StatusActive,115,Success,2011,115
722,-120.6107,34.7378,Northrop,Vandenberg AFB,"Minotaur C (Taurus) | Glory, KySat-1, Hermes, and Explorer-1 [PRIME]",StatusActive,45,Failure,2011,45
723,-120.6107,34.7378,Northrop,Vandenberg AFB,Minotaur I | NROL-66,StatusActive,40,Success,2011,40
724,-120.6107,34.7378,ULA,Vandenberg AFB,Delta IV Heavy | NROL-49,StatusActive,350,Success,2011,350
726,-120.6107,34.7378,Northrop,Vandenberg AFB,Minotaur IV | SBSS,StatusActive,46,Success,2010,46
727,-120.6107,34.7378,ULA,Vandenberg AFB,Atlas V 501 | NROL-41,StatusActive,120,Success,2010,120
729,-120.6107,34.7378,ULA,Vandenberg AFB,Atlas V 401 | DMSP-5D3-F18,StatusActive,109,Success,2009,109
732,-120.6107,34.7378,Northrop,Vandenberg AFB,Minotaur C (Taurus) | Orbiting Carbon Observatory,StatusActive,45,Failure,2009,45
737,-120.6107,34.7378,ULA,Vandenberg AFB,Atlas V 411 | NROL-28,StatusActive,115,Success,2008,115
741,-120.6107,34.7378,Northrop,Vandenberg AFB,Pegasus XL | AIM,StatusActive,40,Success,2007,40
743,-120.6107,34.7378,Boeing,Vandenberg AFB,Delta IV Medium | DMSP F17,StatusRetired,133,Success,2006,133
744,-120.6107,34.7378,Boeing,Vandenberg AFB,"Delta IV Medium+ (4,2) | NROL-22",StatusRetired,164,Success,2006,164
746,-120.6107,34.7378,Northrop,Vandenberg AFB,Minotaur I | COSMIC (FORMOSAT-3),StatusActive,40,Success,2006,40
747,-120.6107,34.7378,Northrop,Vandenberg AFB,Pegasus XL | ST-5,StatusActive,40,Success,2006,40
749,-120.6107,34.7378,Northrop,Vandenberg AFB,Minotaur I | Streak (STP-R1),StatusActive,40,Success,2005,40
751,-120.6107,34.7378,Northrop,Vandenberg AFB,Pegasus XL | DART,StatusActive,40,Success,2005,40
752,-120.6107,34.7378,Northrop,Vandenberg AFB,Minotaur I | XSS-11,StatusActive,40,Success,2005,40
754,-120.6107,34.7378,Northrop,Vandenberg AFB,Minotaur C (Taurus) | ROCSAT-2,StatusActive,45,Success,2004,45
757,-120.6107,34.7378,Lockheed,Vandenberg AFB,Titan II(23)G | USA-172,StatusRetired,35,Success,2003,35
758,-120.6107,34.7378,Northrop,Vandenberg AFB,Pegasus XL | SCISAT-1,StatusActive,40,Success,2003,40
759,-120.6107,34.7378,Northrop,Vandenberg AFB,Pegasus XL | OrbView-3,StatusActive,40,Success,2003,40
761,-120.6107,34.7378,Lockheed,Vandenberg AFB,Titan II(23)G | Coriolis,StatusRetired,35,Success,2003,35
762,-120.6107,34.7378,Lockheed,Vandenberg AFB,Titan II(23)G | NOAA-17,StatusRetired,35,Success,2002,35
768,-120.6107,34.7378,Northrop,Vandenberg AFB,Minotaur C (Taurus) | Orbview-4/QuikTOMS,StatusActive,45,Failure,2001,45
771,-120.6107,34.7378,Lockheed,Vandenberg AFB,Titan II(23)G | NOAA-16,StatusRetired,35,Success,2000,35
773,-120.6107,34.7378,Northrop,Vandenberg AFB,Minotaur I | MightySat 2.1,StatusActive,40,Success,2000,40
774,-120.6107,34.7378,Northrop,Vandenberg AFB,Pegasus XL | TSX-5,StatusActive,40,Success,2000,40
776,-120.6107,34.7378,Northrop,Vandenberg AFB,Minotaur C (Taurus) | Multispectral Thermal Imager (MTI),StatusActive,45,Success,2000,45
777,-120.6107,34.7378,Northrop,Vandenberg AFB,Minotaur I | JAWSat,StatusActive,40,Success,2000,40
778,-120.6107,34.7378,Northrop,Vandenberg AFB,Minotaur C (Taurus) | KOMPSAT & ACRIMSAT,StatusActive,45,Success,1999,45
780,-120.6107,34.7378,Lockheed,Vandenberg AFB,Titan II(23)G | USA-147,StatusRetired,35,Success,1999,35
781,-120.6107,34.7378,Northrop,Vandenberg AFB,Pegasus XL/HAPS | Orbcomm D1-D8,StatusActive,40,Success,1999,40
783,-120.6107,34.7378,Lockheed,Vandenberg AFB,Titan II(23)G | QuikSCAT,StatusRetired,35,Success,1999,35
785,-120.6107,34.7378,Northrop,Vandenberg AFB,Pegasus XL/HAPS | TERRIERS & MUBLCOM,StatusActive,40,Success,1999,40
788,-120.6107,34.7378,Northrop,Vandenberg AFB,Pegasus XL | WIRE,StatusActive,40,Success,1999,40
790,-120.6107,34.7378,Northrop,Vandenberg AFB,Pegasus XL | SWAS,StatusActive,40,Success,1998,40
792,-120.6107,34.7378,Northrop,Vandenberg AFB,Minotaur C (Taurus) | STEX (NROL-8),StatusActive,45,Success,1998,45
796,-120.6107,34.7378,Lockheed,Vandenberg AFB,Titan II(23)G | NOAA-15,StatusRetired,35,Success,1998,35
797,-120.6107,34.7378,Northrop,Vandenberg AFB,Pegasus XL | TRACE,StatusActive,40,Success,1998,40
800,-120.6107,34.7378,Northrop,Vandenberg AFB,Minotaur C (Taurus) | GFO & Orbcomm 11 and 12,StatusActive,45,Success,1998,45
805,-120.6107,34.7378,Northrop,Vandenberg AFB,Pegasus XL | FORTE,StatusActive,40,Success,1997,40
810,-120.6107,34.7378,Lockheed,Vandenberg AFB,Titan II(23)G | USA-131,StatusRetired,35,Success,1997,35
812,-120.6107,34.7378,Northrop,Vandenberg AFB,Pegasus XL | HETE & SAC-B,StatusActive,40,Failure,1996,40
813,-120.6107,34.7378,Northrop,Vandenberg AFB,Pegasus XL | FAST,StatusActive,40,Success,1996,40
814,-120.6107,34.7378,Northrop,Vandenberg AFB,Pegasus XL | TOMS,StatusActive,40,Success,1996,40
815,-120.6107,34.7378,Northrop,Vandenberg AFB,Pegasus | MSTI-3,StatusRetired,40,Success,1996,40
818,-120.6107,34.7378,Northrop,Vandenberg AFB,Pegasus XL | REX II,StatusActive,40,Success,1996,40
823,-120.6107,34.7378,Northrop,Vandenberg AFB,Pegasus XL | STEP-3,StatusActive,40,Failure,1995,40
824,-120.6107,34.7378,Northrop,Vandenberg AFB,Pegasus | Orbcomm F1 and F2 & OrbView-1,StatusRetired,40,Success,1995,40
828,-120.6107,34.7378,Northrop,Vandenberg AFB,Pegasus XL | STEP-1,StatusActive,40,Failure,1994,40
829,-120.6107,34.7378,Northrop,Vandenberg AFB,Minotaur C (Taurus) | STEP Mission 0 & DARPASAT,StatusActive,45,Success,1994,45
830,-120.6107,34.7378,Martin Marietta,Vandenberg AFB,Titan II(23)G | Clementine,StatusRetired,35,Success,1994,35
831,-120.6107,34.7378,Martin Marietta,Vandenberg AFB,Titan II(23)G | Landsat 6,StatusRetired,35,Failure,1993,35
835,-120.6107,34.7378,Martin Marietta,Vandenberg AFB,Titan II(23)G | USA-81,StatusRetired,35,Success,1992,35
842,-120.6107,34.7378,Martin Marietta,Vandenberg AFB,Titan II(23)G | USA-45,StatusRetired,35,Success,1989,35
845,-120.6107,34.7378,Martin Marietta,Vandenberg AFB,Titan II(23)G | USA-32,StatusRetired,35,Success,1988,35
959,-120.6107,34.7378,US Air Force,Vandenberg AFB,Titan IIIB | OPS 1077,StatusRetired,59,Success,1969,59
960,-120.6107,34.7378,US Air Force,Vandenberg AFB,Titan IIIB | OPS 5310,StatusRetired,59,Success,1969,59
962,-120.6107,34.7378,US Air Force,Vandenberg AFB,Titan IIIB | OPS 4248,StatusRetired,59,Success,1969,59
963,-120.6107,34.7378,US Air Force,Vandenberg AFB,Titan IIIB | OPS 7585,StatusRetired,59,Success,1969,59
964,167.7316,9.3823,Northrop,Ronald Reagan Ballistic Missile Defense Test Site,Pegasus XL | NuSTAR,StatusActive,40,Success,2012,40
965,167.7316,9.3823,SpaceX,Ronald Reagan Ballistic Missile Defense Test Site,Falcon 1 | RazakSat,StatusRetired,7,Success,2009,7
966,167.7316,9.3823,Northrop,Ronald Reagan Ballistic Missile Defense Test Site,Pegasus XL | IBEX,StatusActive,40,Success,2008,40
967,167.7316,9.3823,SpaceX,Ronald Reagan Ballistic Missile Defense Test Site,Falcon 1 | RatSat,StatusRetired,7,Success,2008,7
968,167.7316,9.3823,SpaceX,Ronald Reagan Ballistic Missile Defense Test Site,Falcon 1 | Flight 3,StatusRetired,7,Failure,2008,7
969,167.7316,9.3823,Northrop,Ronald Reagan Ballistic Missile Defense Test Site,Pegasus XL | C/NOFS,StatusActive,40,Success,2008,40
970,167.7316,9.3823,SpaceX,Ronald Reagan Ballistic Missile Defense Test Site,Falcon 1 | DemoSat,StatusRetired,7,Failure,2007,7
971,167.7316,9.3823,SpaceX,Ronald Reagan Ballistic Missile Defense Test Site,Falcon 1 | FalconSat-2,StatusRetired,7,Failure,2006,7
972,167.7316,9.3823,Northrop,Ronald Reagan Ballistic Missile Defense Test Site,Pegasus | HETE 2,StatusRetired,40,Success,2000,40
973,-152.3522,57.4377,Northrop,Pacific Spaceport Complex,Minotaur IV | TacSat-4,StatusActive,46,Success,2011,46
974,-152.3522,57.4377,Northrop,Pacific Spaceport Complex,Minotaur IV | STP-S26,StatusActive,46,Success,2010,46
976,-117.8838,34.9056,Northrop,Edwards AFB,Pegasus | APEX,StatusRetired,40,Success,1994,40
977,-117.8838,34.9056,Northrop,Edwards AFB,Pegasus/HAPS | STEP-2,StatusRetired,40,Partial Failure,1994,40
978,-117.8838,34.9056,Northrop,Edwards AFB,Pegasus | ALEXIS,StatusRetired,40,Success,1993,40
979,-117.8838,34.9056,Northrop,Edwards AFB,Pegasus/HAPS | 7 Microsats,StatusRetired,40,Partial Failure,1991,40
980,-117.8838,34.9056,Northrop,Edwards AFB,Pegasus | Pegsat & NavySat,StatusRetired,40,Success,1990,40
